Material Number,Material Name,Base Unit of Measure,stock,Net Weight,Gross Weight,tax,Standard Price,Plant,Storage Location,MRP
MAT-001001,Steel Rod 12mm,PC,249,2.5,2.8,18,125.5,P001,SL-A101,147.9
MAT-001002,Aluminum Sheet 2mm,SQM,180,5.4,6.1,18,89.75,P001,SL-A102,105.91
MAT-001003,Copper Wire 2.5mm,MTR,0,0.2,0.25,18,12.3,P002,SL-B201,14.51
MAT-001004,Plastic Pipe PVC 4in,MTR,75,1.8,2.1,18,45.6,P001,SL-A103,53.81
MAT-001005,Carbon Steel Plate,KG,1200,1.0,1.0,18,78.9,P003,SL-C301,93.1
MAT-001006,Stainless Steel Bolt M8,PC,800,0.05,0.06,18,8.75,P002,SL-B202,10.33
MAT-001007,Rubber Gasket 50mm,PC,147,0.15,0.18,18,15.25,P001,SL-A104,18.0
MAT-001008,Brass Fitting 1/2in,PC,150,0.8,0.9,18,32.4,P002,SL-B203,38.23
MAT-001009,Glass Fiber Mat,SQM,95,0.6,0.75,18,67.8,P003,SL-C302,80.0
MAT-001010,Epoxy Resin,LTR,7,1.1,1.3,18,145.9,P001,SL-A105,172.16
MAT-001011,Titanium Rod 6mm,PC,24,0.9,1.0,18,890.5,P003,SL-C303,1050.79
MAT-001012,Nylon Cable Tie,PC,1910,0.01,0.012,12,2.15,P002,SL-B204,2.41
MAT-001013,Ceramic Insulator,PC,120,0.3,0.35,18,28.75,P001,SL-A106,33.93
MAT-001014,Silicone Sealant,TUB,84,0.4,0.48,18,78.6,P002,SL-B205,92.75
MAT-001015,Lead Sheet 3mm,KG,300,1.0,1.0,18,156.8,P003,SL-C304,185.03
MAT-001016,PVC Conduit 20mm,MTR,450,0.25,0.3,18,18.9,P001,SL-A107,22.3
MAT-001017,Zinc Coating Spray,CAN,60,0.5,0.55,18,89.4,P002,SL-B206,105.49
MAT-001018,Fiberglass Tape,ROL,200,0.8,0.9,18,34.7,P001,SL-A108,40.95
MAT-001019,Magnesium Alloy Bar,KG,180,1.0,1.0,18,234.6,P003,SL-C305,276.83
MAT-001020,Polyurethane Foam,CAN,95,0.6,0.7,18,67.3,P002,SL-B207,79.41
MAT-001021,Steel Angle 40x40mm,MTR,120,3.2,3.5,18,78.9,P001,SL-A109,93.1
MAT-001022,Aluminum Angle 25x25mm,MTR,200,0.8,0.9,18,45.6,P002,SL-B208,53.81
MAT-001023,Copper Tube 15mm,MTR,150,0.6,0.7,18,89.4,P003,SL-C306,105.49
MAT-001024,Plastic Sheet HDPE,SQM,80,2.1,2.4,18,123.5,P001,SL-A110,145.73
MAT-001025,Stainless Steel Wire,KG,245,1.0,1.0,18,167.8,P002,SL-B209,198.0
MAT-001026,Rubber Hose 12mm,MTR,100,0.4,0.45,18,23.8,P001,SL-A111,28.08
MAT-001027,Brass Valve 3/4in,PC,45,1.2,1.4,18,156.9,P003,SL-C307,185.14
MAT-001028,Glass Wool Insulation,BAG,30,2.5,3.0,18,234.7,P002,SL-B210,276.95
MAT-001029,Epoxy Adhesive,TUB,75,0.5,0.6,18,89.6,P001,SL-A112,105.73
MAT-001030,Titanium Sheet 1mm,SQM,15,3.8,4.2,18,1245.8,P003,SL-C308,1470.04
MAT-001031,Electric Motor 1HP,PC,25,15.2,18.5,18,2340.5,P001,SL-A113,2761.79
MAT-001032,Bearing 6203,PC,400,0.12,0.15,18,34.8,P002,SL-B211,41.06
MAT-001033,Hydraulic Pump,PC,7,45.6,52.3,18,12450.0,P003,SL-C309,14691.0
MAT-001034,Pneumatic Cylinder,PC,20,8.9,10.2,18,1890.7,P001,SL-A114,2231.03
MAT-001035,Control Valve,PC,35,3.4,4.1,18,567.8,P002,SL-B212,670.0
MAT-001036,Pressure Gauge,PC,60,0.8,1.0,18,234.6,P003,SL-C310,276.83
MAT-001037,Temperature Sensor,PC,100,0.15,0.18,18,123.45,P001,SL-A115,145.67
MAT-001038,Flow Meter,PC,15,2.3,2.8,18,1789.6,P002,SL-B213,2111.73
MAT-001039,Proximity Switch,PC,80,0.25,0.3,18,189.5,P003,SL-C311,223.61
MAT-001040,LED Indicator Light,PC,200,0.08,0.1,18,45.7,P001,SL-A116,53.93
MAT-001041,Junction Box,PC,120,1.2,1.5,18,89.4,P002,SL-B214,105.49
MAT-001042,Cable Gland M20,PC,300,0.15,0.18,18,23.8,P001,SL-A117,28.08
MAT-001043,Terminal Block,PC,250,0.05,0.06,18,12.3,P003,SL-C312,14.51
MAT-001044,Relay 24VDC,PC,150,0.08,0.1,18,67.8,P002,SL-B215,80.0
MAT-001045,Contactor 3-pole,PC,50,0.6,0.75,18,234.5,P001,SL-A118,276.71
MAT-001046,Circuit Breaker 16A,PC,80,0.4,0.5,18,189.7,P003,SL-C313,223.85
MAT-001047,Fuse 10A,PC,500,0.02,0.025,12,8.9,P002,SL-B216,9.97
MAT-001048,Power Supply 24V,PC,40,2.1,2.6,18,567.9,P001,SL-A119,670.12
MAT-001049,Transformer 1KVA,PC,12,25.8,31.2,18,3450.8,P003,SL-C314,4071.94
MAT-001050,Conduit Fitting,PC,400,0.12,0.15,18,15.6,P002,SL-B217,18.41
MAT-002001,Welding Rod 3.2mm,KG,180,1.0,1.0,18,189.5,P001,SL-A201,223.61
MAT-002002,Grinding Wheel 125mm,PC,90,0.4,0.5,18,45.8,P002,SL-B301,54.04
MAT-002003,Cutting Disc 115mm,PC,150,0.2,0.25,18,23.7,P003,SL-C401,27.97
MAT-002004,Drill Bit HSS 10mm,PC,200,0.15,0.18,18,34.9,P001,SL-A202,41.18
MAT-002005,End Mill 8mm,PC,80,0.12,0.15,18,123.6,P002,SL-B302,145.85
MAT-002006,Lathe Tool Insert,PC,120,0.05,0.06,18,78.9,P003,SL-C402,93.1
MAT-002007,Milling Cutter 20mm,PC,40,0.8,0.95,18,345.7,P001,SL-A203,407.93
MAT-002008,Tap M10x1.5,PC,60,0.2,0.25,18,67.4,P002,SL-B303,79.53
MAT-002009,Die M8x1.25,PC,70,0.3,0.35,18,89.6,P003,SL-C403,105.73
MAT-002010,Reamer 12mm,PC,30,0.4,0.5,18,156.8,P001,SL-A204,185.03
MAT-002011,Hacksaw Blade,PC,300,0.08,0.1,12,12.5,P002,SL-B304,14.0
MAT-002012,File Flat 200mm,PC,100,0.3,0.35,18,23.9,P003,SL-C404,28.2
MAT-002013,Hammer 500g,PC,50,0.5,0.6,18,123.8,P001,SL-A205,146.08
MAT-002014,Screwdriver Set,SET,25,1.2,1.5,18,234.9,P002,SL-B305,277.18
MAT-002015,Wrench Adjustable 10in,PC,40,0.8,0.95,18,189.4,P003,SL-C405,223.49
MAT-002016,Pliers Combination 8in,PC,60,0.4,0.5,18,89.7,P001,SL-A206,105.85
MAT-002017,Wire Strippers,PC,35,0.25,0.3,18,67.6,P002,SL-B306,79.77
MAT-002018,Multimeter Digital,PC,20,0.6,0.8,18,567.8,P003,SL-C406,670.0
MAT-002019,Oscilloscope Probe,PC,15,0.15,0.2,18,1234.5,P001,SL-A207,1456.71
MAT-002020,Soldering Iron 40W,PC,30,0.3,0.4,18,234.6,P002,SL-B307,276.83
MAT-002021,Solder Wire 1mm,KG,50,1.0,1.0,18,345.8,P003,SL-C407,408.04
MAT-002022,Flux Paste,TUB,80,0.2,0.25,18,45.9,P001,SL-A208,54.16
MAT-002023,Desoldering Braid,ROL,100,0.05,0.06,18,23.4,P002,SL-B308,27.61
MAT-002024,Heat Shrink Tube,MTR,200,0.01,0.012,12,4.5,P003,SL-C408,5.04
MAT-002025,Insulation Tape,ROL,300,0.15,0.18,18,12.8,P001,SL-A209,15.1
MAT-002026,Cable Marker,PC,500,0.005,0.006,12,2.3,P002,SL-B309,2.58
MAT-002027,Wire Nut Connector,PC,800,0.01,0.012,12,3.4,P003,SL-C409,3.81
MAT-002028,Electrical Box 4x4,PC,120,0.8,1.0,18,34.7,P001,SL-A210,40.95
MAT-002029,Outlet GFCI 15A,PC,60,0.4,0.5,18,89.5,P002,SL-B310,105.61
MAT-002030,Switch Single Pole,PC,100,0.2,0.25,18,23.6,P003,SL-C410,27.85
MAT-003001,Hydraulic Oil ISO 46,LTR,500,0.9,1.0,18,67.8,P001,SL-A301,80.0
MAT-003002,Gear Oil SAE 90,LTR,300,0.92,1.02,18,78.9,P002,SL-B401,93.1
MAT-003003,Engine Oil 10W-30,LTR,400,0.88,0.98,18,123.5,P003,SL-C501,145.73
MAT-003004,Cutting Fluid,LTR,200,1.05,1.15,18,89.4,P001,SL-A302,105.49
MAT-003005,Coolant Concentrate,LTR,150,1.1,1.2,18,156.7,P002,SL-B402,184.91
MAT-003006,Brake Fluid DOT 4,LTR,80,1.0,1.1,18,234.8,P003,SL-C502,277.06
MAT-003007,Transmission Fluid,LTR,120,0.95,1.05,18,189.6,P001,SL-A303,223.73
MAT-003008,Grease Lithium EP2,KG,180,0.9,1.0,18,45.9,P002,SL-B403,54.16
MAT-003009,Penetrating Oil,CAN,200,0.8,0.9,18,34.8,P003,SL-C503,41.06
MAT-003010,Chain Lubricant,CAN,150,0.75,0.85,18,67.5,P001,SL-A304,79.65
MAT-003011,Rust Preventive,CAN,100,0.82,0.92,18,89.7,P002,SL-B404,105.85
MAT-003012,Cleaner Degreaser,LTR,250,0.95,1.05,18,56.8,P003,SL-C504,67.02
MAT-003013,Thread Locker Blue,TUB,60,0.05,0.06,18,78.9,P001,SL-A305,93.1
MAT-003014,Gasket Maker RTV,TUB,80,0.08,0.1,18,45.6,P002,SL-B405,53.81
MAT-003015,Bearing Grease,TUB,120,0.1,0.12,18,123.4,P003,SL-C505,145.61
MAT-003016,White Lithium Grease,TUB,150,0.09,0.11,18,34.9,P001,SL-A306,41.18
MAT-003017,Silicone Spray,CAN,200,0.6,0.7,18,23.8,P002,SL-B406,28.08
MAT-003018,Contact Cleaner,CAN,180,0.65,0.75,18,67.3,P003,SL-C506,79.41
MAT-003019,Belt Dressing,CAN,100,0.7,0.8,18,45.7,P001,SL-A307,53.93
MAT-003020,Compressor Oil,LTR,80,0.9,1.0,18,189.5,P002,SL-B407,223.61
MAT-004001,Safety Helmet White,PC,50,0.4,0.5,12,123.5,P001,SL-A401,138.32
MAT-004002,Safety Goggles Clear,PC,100,0.15,0.18,12,45.8,P002,SL-B501,51.3
MAT-004003,Ear Plugs Foam,PAIR,500,0.005,0.006,12,3.4,P003,SL-C601,3.81
MAT-004004,Work Gloves Leather,PAIR,200,0.2,0.25,12,67.8,P001,SL-A402,75.94
MAT-004005,Safety Vest Hi-Vis,PC,80,0.3,0.35,12,89.5,P002,SL-B502,100.24
MAT-004006,Steel Toe Boots,PAIR,30,2.5,3.0,12,1234.6,P003,SL-C602,1382.75
MAT-004007,Hard Hat Liner,PC,60,0.08,0.1,12,23.7,P001,SL-A403,26.54
MAT-004008,Face Shield,PC,40,0.25,0.3,12,156.8,P002,SL-B503,175.62
MAT-004009,Respirator Half Face,PC,25,0.4,0.5,12,345.9,P003,SL-C603,387.41
MAT-004010,Filter Cartridge P100,PC,100,0.12,0.15,12,78.9,P001,SL-A404,88.37
MAT-004011,Safety Harness,PC,20,1.8,2.2,12,567.8,P002,SL-B504,635.94
MAT-004012,Lanyard 6ft,PC,35,0.8,0.95,12,189.4,P003,SL-C604,212.13
MAT-004013,Carabiner Steel,PC,80,0.3,0.35,12,45.9,P001,SL-A405,51.41
MAT-004014,First Aid Kit,KIT,15,2.1,2.5,12,234.7,P002,SL-B505,262.86
MAT-004015,Emergency Eyewash,PC,8,15.6,18.2,12,1890.5,P003,SL-C605,2117.36
MAT-004016,Fire Extinguisher 5lb,PC,25,5.8,6.5,12,345.6,P001,SL-A406,387.07
MAT-004017,Smoke Detector,PC,40,0.3,0.4,12,123.8,P002,SL-B506,138.66
MAT-004018,Emergency Light,PC,20,2.2,2.8,12,456.9,P003,SL-C606,511.73
MAT-004019,Warning Tape,ROL,100,0.5,0.6,12,23.4,P001,SL-A407,26.21
MAT-004020,Barricade Tape,ROL,80,0.4,0.5,12,34.8,P002,SL-B507,38.98
MAT-005001,Office Chair Ergonomic,PC,15,18.5,22.3,18,2340.8,P001,SL-A501,2762.14
MAT-005002,Desk Executive 6ft,PC,8,45.2,52.1,18,4567.9,P002,SL-B601,5390.12
MAT-005003,Filing Cabinet 4-drawer,PC,12,38.6,44.8,18,1890.7,P003,SL-C701,2231.03
MAT-005004,Computer Monitor 24in,PC,25,5.8,7.2,18,1234.5,P001,SL-A502,1456.71
MAT-005005,Keyboard Wireless,PC,40,0.8,1.0,18,234.6,P002,SL-B602,276.83
MAT-005006,Mouse Optical,PC,60,0.15,0.2,18,89.4,P003,SL-C702,105.49
MAT-005007,Printer Laser A4,PC,10,12.5,15.8,18,3456.8,P001,SL-A503,4079.02
MAT-005008,Paper A4 80gsm,REAM,200,2.5,2.8,18,45.9,P002,SL-B603,54.16
MAT-005009,Toner Cartridge,PC,30,1.2,1.5,18,567.8,P003,SL-C703,670.0
MAT-005010,Stapler Heavy Duty,PC,25,0.8,1.0,18,123.5,P001,SL-A504,145.73
MAT-005011,Staples 26/6,BOX,100,0.05,0.06,12,12.3,P002,SL-B604,13.78
MAT-005012,Paper Clips 50mm,BOX,150,0.08,0.1,12,8.9,P003,SL-C704,9.97
MAT-005013,Binder Clips 32mm,BOX,120,0.15,0.18,12,23.7,P001,SL-A505,26.54
MAT-005014,Rubber Stamps,PC,40,0.2,0.25,18,67.8,P002,SL-B605,80.0
MAT-005015,Ink Pad,PC,60,0.1,0.12,18,34.9,P003,SL-C705,41.18
MAT-005016,Correction Fluid,BTL,80,0.05,0.06,12,15.6,P001,SL-A506,17.47
MAT-005017,Marker Permanent,PC,200,0.02,0.025,12,8.5,P002,SL-B606,9.52
MAT-005018,Highlighter Yellow,PC,150,0.015,0.018,12,6.7,P003,SL-C706,7.5
MAT-005019,Pen Ballpoint Blue,PC,300,0.01,0.012,12,4.2,P001,SL-A507,4.7
MAT-005020,Pencil HB,PC,400,0.008,0.01,12,2.8,P002,SL-B607,3.14
MAT-006001,Cleaning Cloth Microfiber,PC,200,0.08,0.1,18,23.5,P001,SL-A601,27.73
MAT-006002,All Purpose Cleaner,LTR,150,1.02,1.12,18,45.8,P002,SL-B701,54.04
MAT-006003,Glass Cleaner,LTR,120,1.0,1.1,18,34.9,P003,SL-C801,41.18
MAT-006004,Floor Cleaner,LTR,100,1.05,1.15,18,67.4,P001,SL-A602,79.53
MAT-006005,Disinfectant Spray,CAN,80,0.6,0.7,18,89.6,P002,SL-B702,105.73
MAT-006006,Toilet Paper 2-ply,ROL,500,0.2,0.25,12,12.8,P003,SL-C802,14.34
MAT-006007,Paper Towels,ROL,300,0.3,0.35,12,23.4,P001,SL-A603,26.21
MAT-006008,Trash Bags 30gal,PC,200,0.05,0.06,12,3.5,P002,SL-B703,3.92
MAT-006009,Vacuum Bags,PC,100,0.02,0.025,12,8.9,P003,SL-C803,9.97
MAT-006010,Air Freshener,CAN,60,0.4,0.5,18,34.7,P001,SL-A604,40.95
MAT-006011,Hand Soap Liquid,LTR,80,1.1,1.2,18,56.8,P002,SL-B704,67.02
MAT-006012,Dish Soap,LTR,100,1.0,1.1,18,45.6,P003,SL-C804,53.81
MAT-006013,Laundry Detergent,KG,50,1.0,1.0,18,123.7,P001,SL-A605,145.97
MAT-006014,Fabric Softener,LTR,60,0.98,1.08,18,78.9,P002,SL-B705,93.1
MAT-006015,Bleach,LTR,40,1.15,1.25,18,34.8,P003,SL-C805,41.06
MAT-006016,Sponge Scrub,PC,300,0.05,0.06,12,5.6,P001,SL-A606,6.27
MAT-006017,Brush Toilet,PC,50,0.3,0.35,18,23.9,P002,SL-B706,28.2
MAT-006018,Mop Cotton,PC,30,0.8,0.95,18,89.5,P003,SL-C806,105.61
MAT-006019,Bucket 10L,PC,40,1.2,1.5,18,67.8,P001,SL-A607,80.0
MAT-006020,Gloves Rubber,PAIR,100,0.15,0.18,12,15.6,P002,SL-B707,17.47
MAT-007001,Water Pump Centrifugal,PC,5,125.8,145.2,18,12450.8,P001,SL-A701,14691.94
MAT-007002,Electric Motor 5HP,PC,8,78.5,89.3,18,5678.9,P002,SL-B801,6701.1
MAT-007003,Gearbox Helical,PC,12,45.2,52.8,18,3456.7,P003,SL-C901,4078.9
MAT-007004,Coupling Flexible,PC,25,2.8,3.2,18,567.8,P001,SL-A702,670.0
MAT-007005,Bearing Pillow Block,PC,40,5.6,6.4,18,234.9,P002,SL-B802,277.18
MAT-007006,Belt V-Type B75,PC,30,1.2,1.4,18,89.6,P003,SL-C902,105.73
MAT-007007,Pulley Cast Iron 150mm,PC,20,8.9,10.2,18,345.8,P001,SL-A703,408.04
MAT-007008,Chain Roller 1/2in,MTR,100,2.1,2.4,18,78.9,P002,SL-B803,93.1
MAT-007009,Sprocket 16T,PC,35,1.8,2.1,18,156.7,P003,SL-C903,184.91
MAT-007010,Gear Spur 20T,PC,25,0.8,0.95,18,234.6,P001,SL-A704,276.83
MAT-007011,Shaft Steel 40mm,MTR,15,9.8,10.8,18,189.5,P002,SL-B804,223.61
MAT-007012,Key Parallel 8x7,PC,200,0.05,0.06,18,12.3,P003,SL-C904,14.51
MAT-007013,Washer Flat M12,PC,500,0.01,0.012,12,2.8,P001,SL-A705,3.14
MAT-007014,Nut Hex M12,PC,400,0.015,0.018,12,4.5,P002,SL-B805,5.04
MAT-007015,Bolt Hex M12x50,PC,300,0.08,0.1,18,8.9,P003,SL-C905,10.5
MAT-007016,Stud Threaded M16,PC,150,0.12,0.15,18,15.6,P001,SL-A706,18.41
MAT-007017,Pin Dowel 6mm,PC,250,0.02,0.025,18,6.7,P002,SL-B806,7.91
MAT-007018,Ring Snap External,PC,180,0.005,0.006,12,3.4,P003,SL-C906,3.81
MAT-007019,Gasket Rubber,PC,100,0.15,0.18,18,23.8,P001,SL-A707,28.08
MAT-007020,O-Ring 25x3,PC,300,0.01,0.012,12,5.0,,,
